power-platform/solution-templates/overview.md,/power-platform/enterprise-templates/overview
power-platform/solution-templates/finance/sap-procurement/faqs.md,/power-platform/enterprise-templates/finance/sap-procurement/faqs
power-platform/solution-templates/finance/sap-procurement/overview.md,/power-platform/enterprise-templates/finance/sap-procurement/overview
power-platform/solution-templates/finance/sap-procurement/administer/apply-seed-data.md,/power-platform/enterprise-templates/finance/sap-procurement/administer/apply-seed-data
power-platform/solution-templates/finance/sap-procurement/administer/configure-authentication.md,/power-platform/enterprise-templates/finance/sap-procurement/administer/configure-authentication
power-platform/solution-templates/finance/sap-procurement/administer/configure-environment-variables.md,/power-platform/enterprise-templates/finance/sap-procurement/administer/configure-environment-variables
power-platform/solution-templates/finance/sap-procurement/administer/configure-security-groups.md,/power-platform/enterprise-templates/finance/sap-procurement/administer/configure-security-groups
power-platform/solution-templates/finance/sap-procurement/administer/customize-solutions.md,/power-platform/enterprise-templates/finance/sap-procurement/administer/customize-solutions
power-platform/solution-templates/finance/sap-procurement/administer/extend-canvas-apps.md,/power-platform/enterprise-templates/finance/sap-procurement/administer/extend-canvas-apps
power-platform/solution-templates/finance/sap-procurement/administer/extend-cloud-flows.md,/power-platform/enterprise-templates/finance/sap-procurement/administer/extend-cloud-flows
power-platform/solution-templates/finance/sap-procurement/administer/extend-model-apps-dataverse.md,/power-platform/enterprise-templates/finance/sap-procurement/administer/extend-model-apps-dataverse
power-platform/solution-templates/finance/sap-procurement/administer/get-started.md,/power-platform/enterprise-templates/finance/sap-procurement/administer/get-started
power-platform/solution-templates/finance/sap-procurement/administer/install.md,/power-platform/enterprise-templates/finance/sap-procurement/administer/install
power-platform/solution-templates/finance/sap-procurement/administer/monitor-errors.md,/power-platform/enterprise-templates/finance/sap-procurement/administer/monitor-errors
power-platform/solution-templates/finance/sap-procurement/administer/requirements.md,/power-platform/enterprise-templates/finance/sap-procurement/administer/requirements
power-platform/solution-templates/finance/sap-procurement/administer/set-up-connections.md,/power-platform/enterprise-templates/finance/sap-procurement/administer/set-up-connections
power-platform/solution-templates/finance/sap-procurement/administer/set-up-environments-data-policies.md,/power-platform/enterprise-templates/finance/sap-procurement/administer/set-up-environments-data-policies
power-platform/solution-templates/finance/sap-procurement/administer/set-up-gateway.md,/power-platform/enterprise-templates/finance/sap-procurement/administer/set-up-gateway
power-platform/solution-templates/finance/sap-procurement/use/goods-receipt-management.md,/power-platform/enterprise-templates/finance/sap-procurement/use/goods-receipt-management
power-platform/solution-templates/finance/sap-procurement/use/payment-management.md,/power-platform/enterprise-templates/finance/sap-procurement/use/payment-management
power-platform/solution-templates/finance/sap-procurement/use/purchase-order-management.md,/power-platform/enterprise-templates/finance/sap-procurement/use/purchase-order-management
power-platform/solution-templates/finance/sap-procurement/use/requisition-management.md,/power-platform/enterprise-templates/finance/sap-procurement/use/requisition-management
power-platform/solution-templates/finance/sap-procurement/use/vendor-invoice-management.md,/power-platform/enterprise-templates/finance/sap-procurement/use/vendor-invoice-management
power-platform/solution-templates/finance/sap-procurement/use/vendor-management.md,/power-platform/enterprise-templates/finance/sap-procurement/use/vendor-management
power-platform/solution-templates/hr/awards-and-recognition/install-and-set-up.md,/power-platform/enterprise-templates/hr/awards-and-recognition/install-and-set-up
power-platform/solution-templates/hr/awards-and-recognition/manage.md,/power-platform/enterprise-templates/hr/awards-and-recognition/manage
power-platform/solution-templates/hr/awards-and-recognition/overview.md,/power-platform/enterprise-templates/hr/awards-and-recognition/overview
power-platform/solution-templates/hr/awards-and-recognition/use.md,/power-platform/enterprise-templates/hr/awards-and-recognition/use
power-platform/solution-templates/hr/employee-kudos/install-and-set-up.md,/power-platform/enterprise-templates/hr/employee-kudos/install-and-set-up
power-platform/solution-templates/hr/employee-kudos/manage.md,/power-platform/enterprise-templates/hr/employee-kudos/manage
power-platform/solution-templates/hr/employee-kudos/overview.md,/power-platform/enterprise-templates/hr/employee-kudos/overview
power-platform/solution-templates/hr/onboarding-buddy/customize.md,/power-platform/enterprise-templates/hr/onboarding-buddy/customize
power-platform/solution-templates/hr/onboarding-buddy/install-and-set-up.md,/power-platform/enterprise-templates/hr/onboarding-buddy/install-and-set-up
power-platform/solution-templates/hr/onboarding-buddy/manage.md,/power-platform/enterprise-templates/hr/onboarding-buddy/manage
power-platform/solution-templates/hr/onboarding-buddy/overview.md,/power-platform/enterprise-templates/hr/onboarding-buddy/overview
power-platform/solution-templates/hr/onboarding-buddy/use.md,/power-platform/enterprise-templates/hr/onboarding-buddy/use
power-platform/solution-templates/it/appointment-booking/install-and-set-up.md,/power-platform/enterprise-templates/it/appointment-booking/install-and-set-up
power-platform/solution-templates/it/appointment-booking/manage.md,/power-platform/enterprise-templates/it/appointment-booking/manage
power-platform/solution-templates/it/appointment-booking/overview.md,/power-platform/enterprise-templates/it/appointment-booking/overview
power-platform/solution-templates/it/appointment-booking/use.md,/power-platform/enterprise-templates/it/appointment-booking/use
power-platform/solution-templates/it/hardware-request-and-management/install-and-set-up.md,/power-platform/enterprise-templates/it/hardware-request-and-management/install-and-set-up
power-platform/solution-templates/it/hardware-request-and-management/manage.md,/power-platform/enterprise-templates/it/hardware-request-and-management/manage
power-platform/solution-templates/it/hardware-request-and-management/overview.md,/power-platform/enterprise-templates/it/hardware-request-and-management/overview
power-platform/solution-templates/it/hardware-request-and-management/use.md,/power-platform/enterprise-templates/it/hardware-request-and-management/use
